experiment,param,param_name,actual_corr,model,PEHE,ATE_Bias
feature_correlation,0.0,correlation,0.020576205540006495,T-Learner (Linear),0.20701252243006468,0.06853607467381262
feature_correlation,0.0,correlation,0.020576205540006495,S-Learner (Linear),0.5709003775610892,0.07101405453927598
feature_correlation,0.0,correlation,0.020576205540006495,Naive ATE,0.5830861836631075,0.1382217508987645
feature_correlation,0.0,correlation,0.025464036665510947,T-Learner (Linear),0.1649322578393691,0.08697053470883745
feature_correlation,0.0,correlation,0.025464036665510947,S-Learner (Linear),0.5949834143398866,0.08280447286591451
feature_correlation,0.0,correlation,0.025464036665510947,Naive ATE,0.5891934713241077,0.0005138462854725814
feature_correlation,0.0,correlation,0.02302316405415444,T-Learner (Linear),0.22249266351559221,0.009750108084653687
feature_correlation,0.0,correlation,0.02302316405415444,S-Learner (Linear),0.5569346712582482,0.012909961117204018
feature_correlation,0.0,correlation,0.02302316405415444,Naive ATE,0.5570775578594285,0.01805116387215925
feature_correlation,0.0,correlation,0.027467292736691604,T-Learner (Linear),0.2588937914240948,0.16971172718392707
feature_correlation,0.0,correlation,0.027467292736691604,S-Learner (Linear),0.5623827825215302,0.17239479387109072
feature_correlation,0.0,correlation,0.027467292736691604,Naive ATE,0.5608539569616194,0.16734016827021286
feature_correlation,0.0,correlation,0.02717589115697755,T-Learner (Linear),0.14484858640991055,0.05691629195423305
feature_correlation,0.0,correlation,0.02717589115697755,S-Learner (Linear),0.5713509716210305,0.05955699173178325
feature_correlation,0.0,correlation,0.02717589115697755,Naive ATE,0.5730004784423953,0.07372008401418151
feature_correlation,0.0,correlation,0.02423894661349852,T-Learner (Linear),0.26913682858363497,0.04734423868218204
feature_correlation,0.0,correlation,0.02423894661349852,S-Learner (Linear),0.580726776386234,0.04434120601724738
feature_correlation,0.0,correlation,0.02423894661349852,Naive ATE,0.5929506056301828,0.1277222551332279
feature_correlation,0.0,correlation,0.02675394442712958,T-Learner (Linear),0.1814574847629915,0.011679158426733316
feature_correlation,0.0,correlation,0.02675394442712958,S-Learner (Linear),0.5671064413682267,0.009762949085228931
feature_correlation,0.0,correlation,0.02675394442712958,Naive ATE,0.5682747002502591,0.03770589182115364
feature_correlation,0.0,correlation,0.026376306130522054,T-Learner (Linear),0.27259698205298905,0.07626476371592858
feature_correlation,0.0,correlation,0.026376306130522054,S-Learner (Linear),0.5616118981984197,0.07651787230467562
feature_correlation,0.0,correlation,0.026376306130522054,Naive ATE,0.559531677392931,0.0593528313574793
feature_correlation,0.0,correlation,0.029601058944867933,T-Learner (Linear),0.28393047578609,0.07695164041636766
feature_correlation,0.0,correlation,0.029601058944867933,S-Learner (Linear),0.5561009229860447,0.07533850544153632
feature_correlation,0.0,correlation,0.029601058944867933,Naive ATE,0.5585114298577898,0.09144764151155779
feature_correlation,0.0,correlation,0.0244184159883271,T-Learner (Linear),0.2376841141294352,0.1225871933386918
feature_correlation,0.0,correlation,0.0244184159883271,S-Learner (Linear),0.5725762197227582,0.12380577041867342
feature_correlation,0.0,correlation,0.0244184159883271,Naive ATE,0.5629153464063466,0.06601536651972878
feature_correlation,0.3,correlation,0.145402995751565,T-Learner (Linear),0.20088408611861766,0.062236239601100536
feature_correlation,0.3,correlation,0.145402995751565,S-Learner (Linear),0.5996689179430734,0.06003517028167487
feature_correlation,0.3,correlation,0.145402995751565,Naive ATE,0.5985419237547878,0.04747467762729158
feature_correlation,0.3,correlation,0.1576728975992732,T-Learner (Linear),0.1850257490499141,0.04491536060305364
feature_correlation,0.3,correlation,0.1576728975992732,S-Learner (Linear),0.6176614981517258,0.04396249940475519
feature_correlation,0.3,correlation,0.1576728975992732,Naive ATE,0.6241080531361702,0.09968870068518011
feature_correlation,0.3,correlation,0.14978766014151118,T-Learner (Linear),0.19305542798870404,0.04108316006993385
feature_correlation,0.3,correlation,0.14978766014151118,S-Learner (Linear),0.6016005613175616,0.042969574528853874
feature_correlation,0.3,correlation,0.14978766014151118,Naive ATE,0.6059366283217885,0.08415667828261025
feature_correlation,0.3,correlation,0.15505940716358285,T-Learner (Linear),0.21940296934699013,0.02573426900654295
feature_correlation,0.3,correlation,0.15505940716358285,S-Learner (Linear),0.608930474932927,0.025484002491163664
feature_correlation,0.3,correlation,0.15505940716358285,Naive ATE,0.612682902318083,0.07234258686167613
feature_correlation,0.3,correlation,0.14898296755728746,T-Learner (Linear),0.20723141057069733,0.10713306800184016
feature_correlation,0.3,correlation,0.14898296755728746,S-Learner (Linear),0.6276805065046692,0.10913636971141319
feature_correlation,0.3,correlation,0.14898296755728746,Naive ATE,0.6234433708350438,0.08129923484258653
feature_correlation,0.3,correlation,0.14670161593774636,T-Learner (Linear),0.17340681814133488,0.049919347540436046
feature_correlation,0.3,correlation,0.14670161593774636,S-Learner (Linear),0.6028961880451781,0.049454428700507785
feature_correlation,0.3,correlation,0.14670161593774636,Naive ATE,0.601118160118099,0.017463372596820605
feature_correlation,0.3,correlation,0.1492073069987023,T-Learner (Linear),0.1929725028197551,0.11448856953349254
feature_correlation,0.3,correlation,0.1492073069987023,S-Learner (Linear),0.6245930102067754,0.11425318328922993
feature_correlation,0.3,correlation,0.1492073069987023,Naive ATE,0.626062387664553,0.12203063033846212
feature_correlation,0.3,correlation,0.1512073630652038,T-Learner (Linear),0.21791370060167367,0.07887283415927374
feature_correlation,0.3,correlation,0.1512073630652038,S-Learner (Linear),0.5928402233431503,0.08027396201146318
feature_correlation,0.3,correlation,0.1512073630652038,Naive ATE,0.5939109935927768,0.08783306253240102
feature_correlation,0.3,correlation,0.15234101409979656,T-Learner (Linear),0.16748312366207838,0.1012755854246542
feature_correlation,0.3,correlation,0.15234101409979656,S-Learner (Linear),0.5890808277175388,0.10117135786421277
feature_correlation,0.3,correlation,0.15234101409979656,Naive ATE,0.5807332163171968,0.021690795324840154
feature_correlation,0.3,correlation,0.1560354587054783,T-Learner (Linear),0.19541718411909723,0.04052837812676069
feature_correlation,0.3,correlation,0.1560354587054783,S-Learner (Linear),0.5964866283515858,0.03804354432559212
feature_correlation,0.3,correlation,0.1560354587054783,Naive ATE,0.6032027723207166,0.09749152782682559
feature_correlation,0.7,correlation,0.23155570301409018,T-Learner (Linear),0.2611990727897514,0.009120005686856038
feature_correlation,0.7,correlation,0.23155570301409018,S-Learner (Linear),0.6662154404004706,0.010100704878868615
feature_correlation,0.7,correlation,0.23155570301409018,Naive ATE,0.6662920740430462,0.014287727028509055
feature_correlation,0.7,correlation,0.24312498116526704,T-Learner (Linear),0.15781129318530776,0.10609655612080529
feature_correlation,0.7,correlation,0.24312498116526704,S-Learner (Linear),0.6825626039713666,0.10395689265044616
feature_correlation,0.7,correlation,0.24312498116526704,Naive ATE,0.6935969375995759,0.16122046717732116
feature_correlation,0.7,correlation,0.2363367760057913,T-Learner (Linear),0.17564530759650113,0.08646210501867715
feature_correlation,0.7,correlation,0.2363367760057913,S-Learner (Linear),0.6784710954171089,0.08389660634186324
feature_correlation,0.7,correlation,0.2363367760057913,Naive ATE,0.6781214215856457,0.08102021755418065
feature_correlation,0.7,correlation,0.23614722981456113,T-Learner (Linear),0.1780906472284,0.038860918970856084
feature_correlation,0.7,correlation,0.23614722981456113,S-Learner (Linear),0.6844702883860104,0.04155500398826803
feature_correlation,0.7,correlation,0.23614722981456113,Naive ATE,0.6832248374484725,0.004839543338831097
feature_correlation,0.7,correlation,0.23547109054714382,T-Learner (Linear),0.2358780391944274,0.000880611988222757
feature_correlation,0.7,correlation,0.23547109054714382,S-Learner (Linear),0.6699214939738495,0.0016807329918290467
feature_correlation,0.7,correlation,0.23547109054714382,Naive ATE,0.6708038140217517,0.034435064706839276
feature_correlation,0.7,correlation,0.23457518394961122,T-Learner (Linear),0.20217595952309828,0.048532426201285304
feature_correlation,0.7,correlation,0.23457518394961122,S-Learner (Linear),0.6732673125945411,0.047660433849736915
feature_correlation,0.7,correlation,0.23457518394961122,Naive ATE,0.6716741492568499,0.011349252238915426
feature_correlation,0.7,correlation,0.23836893142449264,T-Learner (Linear),0.19713372873600588,0.08867943821779181
feature_correlation,0.7,correlation,0.23836893142449264,S-Learner (Linear),0.655496600860559,0.08867000375435255
feature_correlation,0.7,correlation,0.23836893142449264,Naive ATE,0.663904957428993,0.13768212783380027
feature_correlation,0.7,correlation,0.24085436178431516,T-Learner (Linear),0.22230531835790093,0.09533233759548962
feature_correlation,0.7,correlation,0.24085436178431516,S-Learner (Linear),0.6943315338280438,0.09431679160154692
feature_correlation,0.7,correlation,0.24085436178431516,Naive ATE,0.6982999752508965,0.12009260487394008
feature_correlation,0.7,correlation,0.23782555224042695,T-Learner (Linear),0.19295879493054094,0.030763431743847616
feature_correlation,0.7,correlation,0.23782555224042695,S-Learner (Linear),0.6776091138632904,0.037821326382290646
feature_correlation,0.7,correlation,0.23782555224042695,Naive ATE,0.6941177863647078,0.15516392263204798
feature_correlation,0.7,correlation,0.24140515252037698,T-Learner (Linear),0.2013772647416955,0.050024941407062644
feature_correlation,0.7,correlation,0.24140515252037698,S-Learner (Linear),0.6823674688672391,0.042602095278807935
feature_correlation,0.7,correlation,0.24140515252037698,Naive ATE,0.6811122841535812,0.010174457173272457
feature_correlation,0.9,correlation,0.24476762353555742,T-Learner (Linear),0.23050840131028932,0.07889051684629872
feature_correlation,0.9,correlation,0.24476762353555742,S-Learner (Linear),0.7020241262075068,0.0711768980433972
feature_correlation,0.9,correlation,0.24476762353555742,Naive ATE,0.7099264920896977,0.12737307882143023
feature_correlation,0.9,correlation,0.24146577879326073,T-Learner (Linear),0.2273974306791591,0.053838856904951174
feature_correlation,0.9,correlation,0.24146577879326073,S-Learner (Linear),0.7194833354731304,0.048974213281256576
feature_correlation,0.9,correlation,0.24146577879326073,Naive ATE,0.7309074322627753,0.13772391978135212
feature_correlation,0.9,correlation,0.23385603549179426,T-Learner (Linear),0.24458842707585954,0.013143917015825166
feature_correlation,0.9,correlation,0.23385603549179426,S-Learner (Linear),0.7307750012370479,0.011602793699841133
feature_correlation,0.9,correlation,0.23385603549179426,Naive ATE,0.736339055249456,0.09109185844132943
feature_correlation,0.9,correlation,0.24568009135256083,T-Learner (Linear),0.21737603135292682,0.014894071015496557
feature_correlation,0.9,correlation,0.24568009135256083,S-Learner (Linear),0.7108763978826531,0.017127476773010283
feature_correlation,0.9,correlation,0.24568009135256083,Naive ATE,0.7140557146293699,0.06945258086532204
feature_correlation,0.9,correlation,0.24524651649742837,T-Learner (Linear),0.2700058143560698,0.12653830564589869
feature_correlation,0.9,correlation,0.24524651649742837,S-Learner (Linear),0.7450874413779137,0.12062784127378703
feature_correlation,0.9,correlation,0.24524651649742837,Naive ATE,0.7704181736068211,0.23008681625629487
feature_correlation,0.9,correlation,0.2406032740520495,T-Learner (Linear),0.15750788346003633,0.06197476316047295
feature_correlation,0.9,correlation,0.2406032740520495,S-Learner (Linear),0.7179211336095098,0.06248332880626836
feature_correlation,0.9,correlation,0.2406032740520495,Naive ATE,0.7287277699536338,0.13977687575970718
feature_correlation,0.9,correlation,0.25131324410368183,T-Learner (Linear),0.1675070695485873,0.0609340493556733
feature_correlation,0.9,correlation,0.25131324410368183,S-Learner (Linear),0.7259361321433617,0.062317411323186224
feature_correlation,0.9,correlation,0.25131324410368183,Naive ATE,0.7240354584337494,0.0335788158237984
feature_correlation,0.9,correlation,0.24140035141130872,T-Learner (Linear),0.27299626915356034,0.07793285600931368
feature_correlation,0.9,correlation,0.24140035141130872,S-Learner (Linear),0.7067304766682084,0.07809644103455698
feature_correlation,0.9,correlation,0.24140035141130872,Naive ATE,0.7093565753794198,0.09908500635620658
feature_correlation,0.9,correlation,0.2430125342011049,T-Learner (Linear),0.18586574497755778,0.12974658962196003
feature_correlation,0.9,correlation,0.2430125342011049,S-Learner (Linear),0.7106182220862779,0.13020166639492844
feature_correlation,0.9,correlation,0.2430125342011049,Naive ATE,0.7053128332472236,0.09716176775964698
feature_correlation,0.9,correlation,0.24705763804139033,T-Learner (Linear),0.14262651809990357,0.053691073433108555
feature_correlation,0.9,correlation,0.24705763804139033,S-Learner (Linear),0.7565803098962611,0.05458912721663592
feature_correlation,0.9,correlation,0.24705763804139033,Naive ATE,0.7568950889872744,0.058791013093888275
skewness,0.0,skewness,0.02386991027323365,T-Learner (Linear),0.26937303528182693,0.09407733506248456
skewness,0.0,skewness,0.02386991027323365,S-Learner (Linear),0.5703944835966888,0.09496210645795577
skewness,0.0,skewness,0.02386991027323365,Naive ATE,0.5728263898507452,0.10861863401293899
skewness,0.0,skewness,-0.001518632946942307,T-Learner (Linear),0.19395258538397128,0.016782987816632268
skewness,0.0,skewness,-0.001518632946942307,S-Learner (Linear),0.5725786103267987,0.016033278068461308
skewness,0.0,skewness,-0.001518632946942307,Naive ATE,0.5723690019294799,0.004132235666276058
skewness,0.0,skewness,0.01114945950119167,T-Learner (Linear),0.18395180623365384,0.005572204921716601
skewness,0.0,skewness,0.01114945950119167,S-Learner (Linear),0.5724475559153361,0.006000773067827009
skewness,0.0,skewness,0.01114945950119167,Naive ATE,0.5728537903156603,0.02238906168172641
skewness,0.0,skewness,0.012222814907251902,T-Learner (Linear),0.21019112423857786,0.001954440475844626
skewness,0.0,skewness,0.012222814907251902,S-Learner (Linear),0.5868176355391963,0.002638250560940813
skewness,0.0,skewness,0.012222814907251902,Naive ATE,0.5868372344151094,0.005473817879993004
skewness,0.0,skewness,-0.008089915841558238,T-Learner (Linear),0.1503071414709515,0.02135981919364182
skewness,0.0,skewness,-0.008089915841558238,S-Learner (Linear),0.5331039350856719,0.02400164302383532
skewness,0.0,skewness,-0.008089915841558238,Naive ATE,0.5347873792265987,0.048721804606041405
skewness,0.0,skewness,0.023704500161549708,T-Learner (Linear),0.23418253915593795,0.10313375113239054
skewness,0.0,skewness,0.023704500161549708,S-Learner (Linear),0.5657738862577908,0.1094374297267913
skewness,0.0,skewness,0.023704500161549708,Naive ATE,0.5557567955539727,0.02724108034537017
skewness,0.0,skewness,0.019698955002917573,T-Learner (Linear),0.2199083228420105,0.0579827151876412
skewness,0.0,skewness,0.019698955002917573,S-Learner (Linear),0.566710927323005,0.05937508127290158
skewness,0.0,skewness,0.019698955002917573,Naive ATE,0.5645628336517939,0.03309559290610433
skewness,0.0,skewness,0.0007205458424806427,T-Learner (Linear),0.15613118118041303,0.011858539647566137
skewness,0.0,skewness,0.0007205458424806427,S-Learner (Linear),0.5597574892875069,0.014632822184254962
skewness,0.0,skewness,0.0007205458424806427,Naive ATE,0.5597990911177869,0.016146054871790945
skewness,0.0,skewness,0.00657321590742564,T-Learner (Linear),0.21456322254062768,0.086550207643095
skewness,0.0,skewness,0.00657321590742564,S-Learner (Linear),0.5591168964541839,0.08207506229381636
skewness,0.0,skewness,0.00657321590742564,Naive ATE,0.5569572912248505,0.0657726097893192
skewness,0.0,skewness,0.016530909847445117,T-Learner (Linear),0.34690670404848933,0.1615148580702492
skewness,0.0,skewness,0.016530909847445117,S-Learner (Linear),0.5583331369881427,0.16322118474754682
skewness,0.0,skewness,0.016530909847445117,Naive ATE,0.5573826749311853,0.15993970615458863
skewness,2.0,skewness,0.5653097350132216,T-Learner (Linear),0.23636586087777134,0.03760953545914647
skewness,2.0,skewness,0.5653097350132216,S-Learner (Linear),0.3866921382658116,0.03642019879797376
skewness,2.0,skewness,0.5653097350132216,Naive ATE,0.4016460506242012,0.1145214873546303
skewness,2.0,skewness,0.40306247491129676,T-Learner (Linear),0.24877342591470075,0.16631961262741218
skewness,2.0,skewness,0.40306247491129676,S-Learner (Linear),0.4218361066882973,0.16421555694771406
skewness,2.0,skewness,0.40306247491129676,Naive ATE,0.4147270384666468,0.14498125628171027
skewness,2.0,skewness,0.502896235431596,T-Learner (Linear),0.18196146263390936,0.04053536850303585
skewness,2.0,skewness,0.502896235431596,S-Learner (Linear),0.3979071777952545,0.04351184877674685
skewness,2.0,skewness,0.502896235431596,Naive ATE,0.3968427653954827,0.03236262179923555
skewness,2.0,skewness,0.4691385819409691,T-Learner (Linear),0.20803751784415186,0.0029047441927873008
skewness,2.0,skewness,0.4691385819409691,S-Learner (Linear),0.3837036029561153,0.003630318624747275
skewness,2.0,skewness,0.4691385819409691,Naive ATE,0.38419879583005556,0.019835297050404432
skewness,2.0,skewness,0.41143860945926064,T-Learner (Linear),0.21920766457934776,0.04777008805506988
skewness,2.0,skewness,0.41143860945926064,S-Learner (Linear),0.39695001011623876,0.04597905043986683
skewness,2.0,skewness,0.41143860945926064,Naive ATE,0.394305059663715,0.004608972171276315
skewness,2.0,skewness,0.4205998776896253,T-Learner (Linear),0.20972452971412434,0.0351005815524672
skewness,2.0,skewness,0.4205998776896253,S-Learner (Linear),0.39553005640589567,0.03408211576929099
skewness,2.0,skewness,0.4205998776896253,Naive ATE,0.39409155610639474,0.005071458293232078
skewness,2.0,skewness,0.46202225255838625,T-Learner (Linear),0.159984514303218,0.007708509027409716
skewness,2.0,skewness,0.46202225255838625,S-Learner (Linear),0.4007109402242226,0.008641428373036941
skewness,2.0,skewness,0.46202225255838625,Naive ATE,0.4006181404240788,0.0005577685834809998
skewness,2.0,skewness,0.43830820377310153,T-Learner (Linear),0.24386561528861073,0.017322551573635048
skewness,2.0,skewness,0.43830820377310153,S-Learner (Linear),0.3893415557217415,0.016901258071831293
skewness,2.0,skewness,0.43830820377310153,Naive ATE,0.3894456361239038,0.01914964773923611
skewness,2.0,skewness,0.3991587442397819,T-Learner (Linear),0.24743981114939015,0.031095861442351325
skewness,2.0,skewness,0.3991587442397819,S-Learner (Linear),0.3893741862206282,0.030288144119794524
skewness,2.0,skewness,0.3991587442397819,Naive ATE,0.38898143654620065,0.02473201885796894
skewness,2.0,skewness,0.48697418709304985,T-Learner (Linear),0.17777388897722018,0.007408024897584631
skewness,2.0,skewness,0.48697418709304985,S-Learner (Linear),0.3994250931637347,0.008780288459550256
skewness,2.0,skewness,0.48697418709304985,Naive ATE,0.40146909519590357,0.041401966305868676
skewness,5.0,skewness,0.8026135149049252,T-Learner (Linear),0.17093810182724098,0.03242292597418839
skewness,5.0,skewness,0.8026135149049252,S-Learner (Linear),0.33993460464031794,0.02990764032994253
skewness,5.0,skewness,0.8026135149049252,Naive ATE,0.35189970545400306,0.0957723040171321
skewness,5.0,skewness,0.8410822040250405,T-Learner (Linear),0.24043730960749907,0.08718495300277251
skewness,5.0,skewness,0.8410822040250405,S-Learner (Linear),0.3699635642294718,0.08807413731941982
skewness,5.0,skewness,0.8410822040250405,Naive ATE,0.3706790887171056,0.0910329699577539
skewness,5.0,skewness,0.8046830000471212,T-Learner (Linear),0.2304139159433193,0.035326514598062464
skewness,5.0,skewness,0.8046830000471212,S-Learner (Linear),0.36155482513699655,0.03539635351789683
skewness,5.0,skewness,0.8046830000471212,Naive ATE,0.3599660138451261,0.010321888687120806
skewness,5.0,skewness,0.8590227944711731,T-Learner (Linear),0.26575439981401683,0.018291930767535436
skewness,5.0,skewness,0.8590227944711731,S-Learner (Linear),0.34096483276813744,0.015435102167952075
skewness,5.0,skewness,0.8590227944711731,Naive ATE,0.34755509922657224,0.06910696197000421
skewness,5.0,skewness,0.8974700127456785,T-Learner (Linear),0.1737235185999275,0.00297307630098953
skewness,5.0,skewness,0.8974700127456785,S-Learner (Linear),0.33687033779925746,0.0024292566640335966
skewness,5.0,skewness,0.8974700127456785,Naive ATE,0.3379392496911023,0.026966892307774493
skewness,5.0,skewness,0.8332836552681272,T-Learner (Linear),0.20409389733263886,0.07736783453705487
skewness,5.0,skewness,0.8332836552681272,S-Learner (Linear),0.36877933336829594,0.07660370218076396
skewness,5.0,skewness,0.8332836552681272,Naive ATE,0.3672771821238161,0.06901057148760104
skewness,5.0,skewness,0.8301898915274506,T-Learner (Linear),0.2340819801631084,0.02157472938540872
skewness,5.0,skewness,0.8301898915274506,S-Learner (Linear),0.34341490932691626,0.021639720231156567
skewness,5.0,skewness,0.8301898915274506,Naive ATE,0.3433099955857625,0.01990554226251795
skewness,5.0,skewness,0.8784850767962574,T-Learner (Linear),0.2407679745245464,0.03537487614347301
skewness,5.0,skewness,0.8784850767962574,S-Learner (Linear),0.34169338013931816,0.03481588801570845
skewness,5.0,skewness,0.8784850767962574,Naive ATE,0.34399944240019437,0.05285259122251651
skewness,5.0,skewness,0.7817589250658474,T-Learner (Linear),0.23096710947076976,0.025536852772684915
skewness,5.0,skewness,0.7817589250658474,S-Learner (Linear),0.32953091919434974,0.024073043367627833
skewness,5.0,skewness,0.7817589250658474,Naive ATE,0.33328655626457904,0.05539687083770195
skewness,5.0,skewness,0.7972760908757208,T-Learner (Linear),0.18102014800175456,0.014564553136983238
skewness,5.0,skewness,0.7972760908757208,S-Learner (Linear),0.3446602062447475,0.013783058581478547
skewness,5.0,skewness,0.7972760908757208,Naive ATE,0.34552935583109057,0.028104282169039485
skewness,10.0,skewness,0.9264458909563874,T-Learner (Linear),0.297592436056307,0.003305539025943216
skewness,10.0,skewness,0.9264458909563874,S-Learner (Linear),0.3438771261940195,0.0020615844409214157
skewness,10.0,skewness,0.9264458909563874,Naive ATE,0.3450011514379504,0.027902808182349248
skewness,10.0,skewness,0.8933755887759416,T-Learner (Linear),0.24251764852119884,0.05236066394957828
skewness,10.0,skewness,0.8933755887759416,S-Learner (Linear),0.34490408579236215,0.051848716909234205
skewness,10.0,skewness,0.8933755887759416,Naive ATE,0.34123078537962015,0.012958006778095221
skewness,10.0,skewness,0.9970342441676003,T-Learner (Linear),0.14516633609582794,0.06604589197039212
skewness,10.0,skewness,0.9970342441676003,S-Learner (Linear),0.33109748631584085,0.06639187467345664
skewness,10.0,skewness,0.9970342441676003,Naive ATE,0.33920737888151115,0.09921684063531044
skewness,10.0,skewness,0.9389408907646324,T-Learner (Linear),0.20386205187886228,0.009353691062433556
skewness,10.0,skewness,0.9389408907646324,S-Learner (Linear),0.3305899936673865,0.010234546410337497
skewness,10.0,skewness,0.9389408907646324,Naive ATE,0.33196985041660454,0.031921522721284346
skewness,10.0,skewness,0.9854340186188718,T-Learner (Linear),0.14718236367895005,0.005266405204868874
skewness,10.0,skewness,0.9854340186188718,S-Learner (Linear),0.352007885222166,0.005115589006464805
skewness,10.0,skewness,0.9854340186188718,Naive ATE,0.3520271139099649,0.006301342720476555
skewness,10.0,skewness,0.9672586638857364,T-Learner (Linear),0.14847451465307002,0.020425775093496523
skewness,10.0,skewness,0.9672586638857364,S-Learner (Linear),0.3370278007016374,0.02026403309406244
skewness,10.0,skewness,0.9672586638857364,Naive ATE,0.3390363123271055,0.042053699811280154
skewness,10.0,skewness,0.9316861019300455,T-Learner (Linear),0.26761767177349305,0.08646135468182659
skewness,10.0,skewness,0.9316861019300455,S-Learner (Linear),0.35404413044485394,0.08881610097565085
skewness,10.0,skewness,0.9316861019300455,Naive ATE,0.3430146951734223,0.014146893474543565
skewness,10.0,skewness,0.9298491669112099,T-Learner (Linear),0.18072985322754598,0.04620409932944358
skewness,10.0,skewness,0.9298491669112099,S-Learner (Linear),0.3368790694342875,0.04728052285594253
skewness,10.0,skewness,0.9298491669112099,Naive ATE,0.3335957107705962,0.005834266291408818
skewness,10.0,skewness,0.9382170232795579,T-Learner (Linear),0.16907681113285514,0.015778887840268263
skewness,10.0,skewness,0.9382170232795579,S-Learner (Linear),0.3312848832506852,0.016484849100237176
skewness,10.0,skewness,0.9382170232795579,Naive ATE,0.3314596101079228,0.019686277259391982
skewness,10.0,skewness,0.9417558880097466,T-Learner (Linear),0.16110948661608077,0.06710603885063982
skewness,10.0,skewness,0.9417558880097466,S-Learner (Linear),0.35280893840754146,0.06709784801919272
skewness,10.0,skewness,0.9417558880097466,Naive ATE,0.34662102736793954,0.01319510523475298
signal_strength,0.01,signal,0.5524057465238488,T-Learner (Linear),0.19897365426837707,0.05682123261603301
signal_strength,0.01,signal,0.5524057465238488,S-Learner (Linear),0.5590634950715145,0.058244455644683064
signal_strength,0.01,signal,0.5524057465238488,Naive ATE,0.5587259540023586,0.05491007892558442
signal_strength,0.01,signal,0.5664531115481243,T-Learner (Linear),0.26069828895787717,0.008319860941670471
signal_strength,0.01,signal,0.5664531115481243,S-Learner (Linear),0.5542858292356907,0.012213511812399219
signal_strength,0.01,signal,0.5664531115481243,Naive ATE,0.55746899806475,0.06072950833499761
signal_strength,0.01,signal,0.5970542129098462,T-Learner (Linear),0.17522474455973003,0.03570411170305285
signal_strength,0.01,signal,0.5970542129098462,S-Learner (Linear),0.5331126137614678,0.0342951360673721
signal_strength,0.01,signal,0.5970542129098462,Naive ATE,0.5370968111746429,0.07375691140676677
signal_strength,0.01,signal,0.579518500298276,T-Learner (Linear),0.1992865703914546,0.013173005347717936
signal_strength,0.01,signal,0.579518500298276,S-Learner (Linear),0.5491677067544147,0.014442348397365135
signal_strength,0.01,signal,0.579518500298276,Naive ATE,0.5504721294681743,0.04053364783182528
signal_strength,0.01,signal,0.5842989866845634,T-Learner (Linear),0.1704695850449912,0.11100038037864404
signal_strength,0.01,signal,0.5842989866845634,S-Learner (Linear),0.5919158020454613,0.11054701259451667
signal_strength,0.01,signal,0.5842989866845634,Naive ATE,0.6010086482615142,0.15188061287597932
signal_strength,0.01,signal,0.5548964391899699,T-Learner (Linear),0.18128375817175632,0.0345099535660672
signal_strength,0.01,signal,0.5548964391899699,S-Learner (Linear),0.5562561017579308,0.036755008907109796
signal_strength,0.01,signal,0.5548964391899699,Naive ATE,0.5551123312128146,0.008931976341092041
signal_strength,0.01,signal,0.5815368936199763,T-Learner (Linear),0.1529587355140079,0.06245992620613974
signal_strength,0.01,signal,0.5815368936199763,S-Learner (Linear),0.577186221910892,0.05907001209164117
signal_strength,0.01,signal,0.5815368936199763,Naive ATE,0.5750875250540607,0.03272602996915468
signal_strength,0.01,signal,0.5698161647803384,T-Learner (Linear),0.16372678492091702,0.023232536692300663
signal_strength,0.01,signal,0.5698161647803384,S-Learner (Linear),0.5520200822816823,0.02175115602530429
signal_strength,0.01,signal,0.5698161647803384,Naive ATE,0.5525797593345834,0.03303531402042271
signal_strength,0.01,signal,0.5616372704424637,T-Learner (Linear),0.2767751530935565,0.05781497339367017
signal_strength,0.01,signal,0.5616372704424637,S-Learner (Linear),0.5360079005599683,0.05614406353888683
signal_strength,0.01,signal,0.5616372704424637,Naive ATE,0.5337860766486705,0.027843527648880574
signal_strength,0.01,signal,0.5666429189364771,T-Learner (Linear),0.15033127118743278,0.02540203561940105
signal_strength,0.01,signal,0.5666429189364771,S-Learner (Linear),0.5351263412893099,0.025831989353245925
signal_strength,0.01,signal,0.5666429189364771,Naive ATE,0.5376106714246291,0.057726290041053174
signal_strength,0.1,signal,0.5691136996126612,T-Learner (Linear),0.17576939823510745,0.033150407003613824
signal_strength,0.1,signal,0.5691136996126612,S-Learner (Linear),0.5649589636349367,0.03322045439641903
signal_strength,0.1,signal,0.5691136996126612,Naive ATE,0.5676468784069136,0.0644045539069739
signal_strength,0.1,signal,0.5613618194935521,T-Learner (Linear),0.21216245976223533,0.031487453574892486
signal_strength,0.1,signal,0.5613618194935521,S-Learner (Linear),0.5674510434384298,0.027299641703839805
signal_strength,0.1,signal,0.5613618194935521,Naive ATE,0.5691178061193505,0.051377631123846246
signal_strength,0.1,signal,0.5769969885292887,T-Learner (Linear),0.20748736378484445,0.09567606745757262
signal_strength,0.1,signal,0.5769969885292887,S-Learner (Linear),0.5565560959401498,0.09610880996746714
signal_strength,0.1,signal,0.5769969885292887,Naive ATE,0.5636587339603807,0.13112354401495088
signal_strength,0.1,signal,0.5722778474891612,T-Learner (Linear),0.1860974233899892,0.03523492431974935
signal_strength,0.1,signal,0.5722778474891612,S-Learner (Linear),0.5608150400191388,0.03724008992453749
signal_strength,0.1,signal,0.5722778474891612,Naive ATE,0.5619241650248494,0.05130382466048345
signal_strength,0.1,signal,0.6219781031833012,T-Learner (Linear),0.17646613435162103,0.03843436694081764
signal_strength,0.1,signal,0.6219781031833012,S-Learner (Linear),0.5643626560871184,0.040871761926043304
signal_strength,0.1,signal,0.6219781031833012,Naive ATE,0.5649485364655014,0.04829225809323901
signal_strength,0.1,signal,0.5998216431464894,T-Learner (Linear),0.15871356119456603,0.017402819409556514
signal_strength,0.1,signal,0.5998216431464894,S-Learner (Linear),0.5486706745080021,0.01820502204050281
signal_strength,0.1,signal,0.5998216431464894,Naive ATE,0.5533663362395441,0.07420388025976425
signal_strength,0.1,signal,0.5665342192189594,T-Learner (Linear),0.20255707284868016,0.08171392050445483
signal_strength,0.1,signal,0.5665342192189594,S-Learner (Linear),0.5585145396737485,0.07735427461707664
signal_strength,0.1,signal,0.5665342192189594,Naive ATE,0.5535364290301976,0.0211606010797872
signal_strength,0.1,signal,0.6058392146707726,T-Learner (Linear),0.16839621087474654,0.005100703920440042
signal_strength,0.1,signal,0.6058392146707726,S-Learner (Linear),0.5762081860212104,0.005165592149525718
signal_strength,0.1,signal,0.6058392146707726,Naive ATE,0.5784340720448943,0.05095866370735529
signal_strength,0.1,signal,0.5648760213376495,T-Learner (Linear),0.17500759652197823,0.07746565215672621
signal_strength,0.1,signal,0.5648760213376495,S-Learner (Linear),0.5594626923298088,0.07902366503729213
signal_strength,0.1,signal,0.5648760213376495,Naive ATE,0.5596217717924687,0.08014214241676965
signal_strength,0.1,signal,0.5716369753194328,T-Learner (Linear),0.1795427316345945,0.04467975829905916
signal_strength,0.1,signal,0.5716369753194328,S-Learner (Linear),0.5603384267763625,0.038171235660564615
signal_strength,0.1,signal,0.5716369753194328,Naive ATE,0.5823734752168114,0.16320770614695698
signal_strength,0.5,signal,0.5642068471421826,T-Learner (Linear),0.18239762655622005,0.032107486336106175
signal_strength,0.5,signal,0.5642068471421826,S-Learner (Linear),0.5425181909394373,0.03182165287987018
signal_strength,0.5,signal,0.5642068471421826,Naive ATE,0.5419643047731929,0.02029624940961989
signal_strength,0.5,signal,0.5821849154707172,T-Learner (Linear),0.22107399892597382,0.008335861483846924
signal_strength,0.5,signal,0.5821849154707172,S-Learner (Linear),0.562600366719642,0.00669153377902466
signal_strength,0.5,signal,0.5821849154707172,Naive ATE,0.563835663324207,0.03789801086453838
signal_strength,0.5,signal,0.5954933354940128,T-Learner (Linear),0.17615049893589851,0.034434225006943514
signal_strength,0.5,signal,0.5954933354940128,S-Learner (Linear),0.5596864500392332,0.03626909092677543
signal_strength,0.5,signal,0.5954933354940128,Naive ATE,0.5585642601943023,0.007781861316151297
signal_strength,0.5,signal,0.5864050981699079,T-Learner (Linear),0.1559078900532658,0.042998127322547854
signal_strength,0.5,signal,0.5864050981699079,S-Learner (Linear),0.5655968538012485,0.04153317518968498
signal_strength,0.5,signal,0.5864050981699079,Naive ATE,0.5857222321886046,0.15778382962606774
signal_strength,0.5,signal,0.5712530122270186,T-Learner (Linear),0.1767808165901136,0.019013880552513743
signal_strength,0.5,signal,0.5712530122270186,S-Learner (Linear),0.5552560559113171,0.014364179756429746
signal_strength,0.5,signal,0.5712530122270186,Naive ATE,0.5631826297716498,0.09524555900615196
signal_strength,0.5,signal,0.5788517820485176,T-Learner (Linear),0.08792344994986835,0.011964470711511714
signal_strength,0.5,signal,0.5788517820485176,S-Learner (Linear),0.5478015198486869,0.013125211845650187
signal_strength,0.5,signal,0.5788517820485176,Naive ATE,0.5595020540798211,0.1145788573734305
signal_strength,0.5,signal,0.5457278167781333,T-Learner (Linear),0.20809507307483208,0.01574032859447054
signal_strength,0.5,signal,0.5457278167781333,S-Learner (Linear),0.561564252894235,0.012701141197873989
signal_strength,0.5,signal,0.5457278167781333,Naive ATE,0.562710980974275,0.03808617817659007
signal_strength,0.5,signal,0.5783185458679606,T-Learner (Linear),0.208391969061459,0.0920811608190443
signal_strength,0.5,signal,0.5783185458679606,S-Learner (Linear),0.554914051960766,0.09031703173399058
signal_strength,0.5,signal,0.5783185458679606,Naive ATE,0.5579805238347936,0.10756312628718781
signal_strength,0.5,signal,0.5668059228710186,T-Learner (Linear),0.22622752707155028,0.050323784215797196
signal_strength,0.5,signal,0.5668059228710186,S-Learner (Linear),0.5711129196268164,0.05161137669035921
signal_strength,0.5,signal,0.5668059228710186,Naive ATE,0.576397325898056,0.09342186329568439
signal_strength,0.5,signal,0.5474816678842337,T-Learner (Linear),0.1650879074019853,0.025202599765290427
signal_strength,0.5,signal,0.5474816678842337,S-Learner (Linear),0.5598676119665259,0.02404988308107916
signal_strength,0.5,signal,0.5474816678842337,Naive ATE,0.5597983740438796,0.022380203959847474
signal_strength,1.0,signal,0.5524172328487084,T-Learner (Linear),0.16352976046503753,0.08300521839912464
signal_strength,1.0,signal,0.5524172328487084,S-Learner (Linear),0.5704322568500109,0.08311055992583391
signal_strength,1.0,signal,0.5524172328487084,Naive ATE,0.577954299733608,0.12468190765605927
signal_strength,1.0,signal,0.608113433320832,T-Learner (Linear),0.17494903324547056,0.03763155415744915
signal_strength,1.0,signal,0.608113433320832,S-Learner (Linear),0.5605300860214905,0.0374183867626038
signal_strength,1.0,signal,0.608113433320832,Naive ATE,0.5598752761361238,0.02581633516123255
signal_strength,1.0,signal,0.6065709892754282,T-Learner (Linear),0.24567662575504867,0.11110166299072691
signal_strength,1.0,signal,0.6065709892754282,S-Learner (Linear),0.5801642204085183,0.11050480220028727
signal_strength,1.0,signal,0.6065709892754282,Naive ATE,0.5896808816193285,0.15278851663148404
signal_strength,1.0,signal,0.5849211903123579,T-Learner (Linear),0.18421159301279683,0.005935663374535376
signal_strength,1.0,signal,0.5849211903123579,S-Learner (Linear),0.548153993183888,0.008630779472289733
signal_strength,1.0,signal,0.5849211903123579,Naive ATE,0.562627711441453,0.12708907031174752
signal_strength,1.0,signal,0.5905872485188984,T-Learner (Linear),0.17930611648563494,0.07095453170097796
signal_strength,1.0,signal,0.5905872485188984,S-Learner (Linear),0.577225899725203,0.07114802420788359
signal_strength,1.0,signal,0.5905872485188984,Naive ATE,0.5765576834646466,0.06550621647779101
signal_strength,1.0,signal,0.5737689697723566,T-Learner (Linear),0.13101170854540584,0.07739005465045981
signal_strength,1.0,signal,0.5737689697723566,S-Learner (Linear),0.5677384473639164,0.0755654364293919
signal_strength,1.0,signal,0.5737689697723566,Naive ATE,0.5776006025684114,0.13040570023954423
signal_strength,1.0,signal,0.5832082949388694,T-Learner (Linear),0.16797448239278429,0.0006650993141978194
signal_strength,1.0,signal,0.5832082949388694,S-Learner (Linear),0.5761689110871311,0.0004521121096264756
signal_strength,1.0,signal,0.5832082949388694,Naive ATE,0.5761717754602841,0.0018722016679577676
signal_strength,1.0,signal,0.5353881981690392,T-Learner (Linear),0.21947381147244155,0.053479422455421005
signal_strength,1.0,signal,0.5353881981690392,S-Learner (Linear),0.5552813384231765,0.05414368167947409
signal_strength,1.0,signal,0.5353881981690392,Naive ATE,0.5577560997375486,0.07540583703677248
signal_strength,1.0,signal,0.6021613220018863,T-Learner (Linear),0.1468106220931236,0.015891363852649724
signal_strength,1.0,signal,0.6021613220018863,S-Learner (Linear),0.5882077158675768,0.017679455627653485
signal_strength,1.0,signal,0.6021613220018863,Naive ATE,0.5913741846806857,0.06362132073357102
signal_strength,1.0,signal,0.559967006928824,T-Learner (Linear),0.2432157612504603,0.09206897742758416
signal_strength,1.0,signal,0.559967006928824,S-Learner (Linear),0.5565910690721396,0.09476103282399595
signal_strength,1.0,signal,0.559967006928824,Naive ATE,0.5594533126113999,0.11033605105708617
treatment_confounding,0.0,confounding,0.001977531317835726,T-Learner (Linear),0.2255357758282048,0.020895876767667673
treatment_confounding,0.0,confounding,0.001977531317835726,S-Learner (Linear),0.5694597817468581,0.022481410328055285
treatment_confounding,0.0,confounding,0.001977531317835726,Naive ATE,0.5690336823596689,0.004505823228193165
treatment_confounding,0.0,confounding,0.019621893651579365,T-Learner (Linear),0.19495378762518503,0.07021791215192223
treatment_confounding,0.0,confounding,0.019621893651579365,S-Learner (Linear),0.5513857729014771,0.07057318126190201
treatment_confounding,0.0,confounding,0.019621893651579365,Naive ATE,0.549003345840503,0.048569302026413255
treatment_confounding,0.0,confounding,-0.022546330627640512,T-Learner (Linear),0.26206380395062145,0.05336902896776424
treatment_confounding,0.0,confounding,-0.022546330627640512,S-Learner (Linear),0.5663592785628915,0.055233630555722835
treatment_confounding,0.0,confounding,-0.022546330627640512,Naive ATE,0.5643632808908021,0.02817506606766802
treatment_confounding,0.0,confounding,0.024598025083519624,T-Learner (Linear),0.26028619437744355,0.06152647831506508
treatment_confounding,0.0,confounding,0.024598025083519624,S-Learner (Linear),0.5691671830901238,0.061987383517654426
treatment_confounding,0.0,confounding,0.024598025083519624,Naive ATE,0.5669083795083885,0.03572483961398902
treatment_confounding,0.0,confounding,-0.025680760817843543,T-Learner (Linear),0.36932503403939115,0.12244418304301027
treatment_confounding,0.0,confounding,-0.025680760817843543,S-Learner (Linear),0.5684789114749094,0.12145220896441151
treatment_confounding,0.0,confounding,-0.025680760817843543,Naive ATE,0.559564829776995,0.06852127402489354
treatment_confounding,0.0,confounding,0.019150424514421064,T-Learner (Linear),0.2669138448815105,0.04824465627250359
treatment_confounding,0.0,confounding,0.019150424514421064,S-Learner (Linear),0.5663496471252524,0.04972427114681565
treatment_confounding,0.0,confounding,0.019150424514421064,Naive ATE,0.5651454471017399,0.03331601299690013
treatment_confounding,0.0,confounding,0.004570632582872143,T-Learner (Linear),0.24131412428819474,0.007777665714485203
treatment_confounding,0.0,confounding,0.004570632582872143,S-Learner (Linear),0.5419612090687115,0.006963428297145706
treatment_confounding,0.0,confounding,0.004570632582872143,Naive ATE,0.542117985509958,0.014779966569822516
treatment_confounding,0.0,confounding,0.010348487467482115,T-Learner (Linear),0.20630177102343747,0.01577230188162102
treatment_confounding,0.0,confounding,0.010348487467482115,S-Learner (Linear),0.5433016486631829,0.017838828493583495
treatment_confounding,0.0,confounding,0.010348487467482115,Naive ATE,0.5444040336303801,0.0389524607042862
treatment_confounding,0.0,confounding,-0.020558707638351964,T-Learner (Linear),0.1756406909354294,0.04101595587590992
treatment_confounding,0.0,confounding,-0.020558707638351964,S-Learner (Linear),0.5557564725636333,0.04356732700196085
treatment_confounding,0.0,confounding,-0.020558707638351964,Naive ATE,0.5541369942917707,0.01003312655363861
treatment_confounding,0.0,confounding,-0.03382119681960862,T-Learner (Linear),0.21829823524696254,0.0644609702755107
treatment_confounding,0.0,confounding,-0.03382119681960862,S-Learner (Linear),0.5904080934692928,0.06287693745679152
treatment_confounding,0.0,confounding,-0.03382119681960862,Naive ATE,0.6028474022090042,0.13710135951202307
treatment_confounding,0.3,confounding,0.18420158554978133,T-Learner (Linear),0.18159477926554018,0.10964483806807666
treatment_confounding,0.3,confounding,0.18420158554978133,S-Learner (Linear),0.582563380534915,0.12175862091428051
treatment_confounding,0.3,confounding,0.18420158554978133,Naive ATE,0.586976210352772,0.14137234859328404
treatment_confounding,0.3,confounding,0.05478240408484317,T-Learner (Linear),0.28197968257239003,0.025476643859263067
treatment_confounding,0.3,confounding,0.05478240408484317,S-Learner (Linear),0.5483323228298965,0.030214552532894404
treatment_confounding,0.3,confounding,0.05478240408484317,Naive ATE,0.5490092931482883,0.04069136134262691
treatment_confounding,0.3,confounding,0.02481373125138077,T-Learner (Linear),0.17152050546727515,0.032778455116553265
treatment_confounding,0.3,confounding,0.02481373125138077,S-Learner (Linear),0.5784369180240414,0.03652780060649071
treatment_confounding,0.3,confounding,0.02481373125138077,Naive ATE,0.5800382403501458,0.056474528351191704
treatment_confounding,0.3,confounding,0.1349924346674099,T-Learner (Linear),0.16341236959041852,0.03699025722801905
treatment_confounding,0.3,confounding,0.1349924346674099,S-Learner (Linear),0.5637234454502131,0.0369591321385597
treatment_confounding,0.3,confounding,0.1349924346674099,Naive ATE,0.586123992566764,0.16469119333036641
treatment_confounding,0.3,confounding,0.16603671924819416,T-Learner (Linear),0.18636139695453946,0.021996324993321856
treatment_confounding,0.3,confounding,0.16603671924819416,S-Learner (Linear),0.5661024347320847,0.01693548653001395
treatment_confounding,0.3,confounding,0.16603671924819416,Naive ATE,0.6033691405839697,0.209449669141425
treatment_confounding,0.3,confounding,0.18802522722693926,T-Learner (Linear),0.18553444047178386,0.006000950231046359
treatment_confounding,0.3,confounding,0.18802522722693926,S-Learner (Linear),0.5716923662084699,0.005310163109126244
treatment_confounding,0.3,confounding,0.18802522722693926,Naive ATE,0.6404235597653581,0.2886838619558423
treatment_confounding,0.3,confounding,0.19617484262031465,T-Learner (Linear),0.14527704965999363,0.03302801452358187
treatment_confounding,0.3,confounding,0.19617484262031465,S-Learner (Linear),0.5629236360514487,0.023951898817101233
treatment_confounding,0.3,confounding,0.19617484262031465,Naive ATE,0.6236045286029404,0.2693942863641622
treatment_confounding,0.3,confounding,0.15405553195786573,T-Learner (Linear),0.1784395298015327,0.039947148895258
treatment_confounding,0.3,confounding,0.15405553195786573,S-Learner (Linear),0.5576183922249588,0.05041452152966871
treatment_confounding,0.3,confounding,0.15405553195786573,Naive ATE,0.6252978449537293,0.2874034577685096
treatment_confounding,0.3,confounding,0.12683983992210957,T-Learner (Linear),0.23539593837934808,0.029193314774650737
treatment_confounding,0.3,confounding,0.12683983992210957,S-Learner (Linear),0.5606735595496793,0.03153222499401344
treatment_confounding,0.3,confounding,0.12683983992210957,Naive ATE,0.5942150335042363,0.19932623228618426
treatment_confounding,0.3,confounding,0.16468659583062628,T-Learner (Linear),0.17607615401975082,0.057294450792483693
treatment_confounding,0.3,confounding,0.16468659583062628,S-Learner (Linear),0.5743376837963273,0.057573215230199364
treatment_confounding,0.3,confounding,0.16468659583062628,Naive ATE,0.6092876727176206,0.21138204325123566
treatment_confounding,0.7,confounding,0.33557741188363815,T-Learner (Linear),0.19870004376824732,0.05511149487227039
treatment_confounding,0.7,confounding,0.33557741188363815,S-Learner (Linear),0.5453418680229465,0.01545767242051007
treatment_confounding,0.7,confounding,0.33557741188363815,Naive ATE,0.7103392774534124,0.45543723575366446
treatment_confounding,0.7,confounding,0.2953504941047475,T-Learner (Linear),0.22420732860793502,0.13723315795073843
treatment_confounding,0.7,confounding,0.2953504941047475,S-Learner (Linear),0.5803282692102469,0.12983146184552788
treatment_confounding,0.7,confounding,0.2953504941047475,Naive ATE,0.6482546685829659,0.31671663009699513
treatment_confounding,0.7,confounding,0.2667163252828357,T-Learner (Linear),0.2189437761846947,0.1490118018762794
treatment_confounding,0.7,confounding,0.2667163252828357,S-Learner (Linear),0.568581596164233,0.15141212819810826
treatment_confounding,0.7,confounding,0.2667163252828357,Naive ATE,0.5873157556889217,0.21114070651881078
treatment_confounding,0.7,confounding,0.3126636702730493,T-Learner (Linear),0.2552959198317843,0.08695704902871221
treatment_confounding,0.7,confounding,0.3126636702730493,S-Learner (Linear),0.5691116797093059,0.07384173400009172
treatment_confounding,0.7,confounding,0.3126636702730493,Naive ATE,0.8023271320898266,0.5703449172089453
treatment_confounding,0.7,confounding,0.3494218082520524,T-Learner (Linear),0.17305893808193146,0.017471913809215957
treatment_confounding,0.7,confounding,0.3494218082520524,S-Learner (Linear),0.5657057980182323,0.04159446531969578
treatment_confounding,0.7,confounding,0.3494218082520524,Naive ATE,0.7261236294142508,0.45712424441010635
treatment_confounding,0.7,confounding,0.2927543689047065,T-Learner (Linear),0.20911675242641528,0.10609812113914285
treatment_confounding,0.7,confounding,0.2927543689047065,S-Learner (Linear),0.5616959709302368,0.10572683517993262
treatment_confounding,0.7,confounding,0.2927543689047065,Naive ATE,0.6401748680626516,0.3248071144801734
treatment_confounding,0.7,confounding,0.3312232239058057,T-Learner (Linear),0.2593324416143856,0.030337847501363042
treatment_confounding,0.7,confounding,0.3312232239058057,S-Learner (Linear),0.5522018806792446,0.041421852474364355
treatment_confounding,0.7,confounding,0.3312232239058057,Naive ATE,0.7252768427197067,0.4720332100839724
treatment_confounding,0.7,confounding,0.2758462010830136,T-Learner (Linear),0.26971325327566936,0.02373735377870255
treatment_confounding,0.7,confounding,0.2758462010830136,S-Learner (Linear),0.5367213064082871,0.02627079725197741
treatment_confounding,0.7,confounding,0.2758462010830136,Naive ATE,0.6539030310485446,0.37444568104080184
treatment_confounding,0.7,confounding,0.31590285245715094,T-Learner (Linear),0.23396366060125462,0.06922970736220618
treatment_confounding,0.7,confounding,0.31590285245715094,S-Learner (Linear),0.5633125530101345,0.08707615007424871
treatment_confounding,0.7,confounding,0.31590285245715094,Naive ATE,0.6934705657431456,0.41371807923400655
treatment_confounding,0.7,confounding,0.3040720860042982,T-Learner (Linear),0.21422046310601384,0.030482985147710535
treatment_confounding,0.7,confounding,0.3040720860042982,S-Learner (Linear),0.5469666082850015,0.03763381901089533
treatment_confounding,0.7,confounding,0.3040720860042982,Naive ATE,0.7229063944589901,0.4741703163466094
treatment_confounding,0.9,confounding,0.36744346641561626,T-Learner (Linear),0.20795913816196931,0.05322645418959833
treatment_confounding,0.9,confounding,0.36744346641561626,S-Learner (Linear),0.56764260305935,0.014136966447004295
treatment_confounding,0.9,confounding,0.36744346641561626,Naive ATE,0.8437768485389271,0.6244526396313913
treatment_confounding,0.9,confounding,0.33826574498642326,T-Learner (Linear),0.27284690023352853,0.10112076391762143
treatment_confounding,0.9,confounding,0.33826574498642326,S-Learner (Linear),0.5520251188504917,0.11084859924014645
treatment_confounding,0.9,confounding,0.33826574498642326,Naive ATE,0.6506085900022991,0.3617280988482685
treatment_confounding,0.9,confounding,0.3684599503927391,T-Learner (Linear),0.2619754294100583,0.06626256898090258
treatment_confounding,0.9,confounding,0.3684599503927391,S-Learner (Linear),0.5624974042257979,0.08062230985206022
treatment_confounding,0.9,confounding,0.3684599503927391,Naive ATE,0.788754275210586,0.5587753875647153
treatment_confounding,0.9,confounding,0.3852847774818898,T-Learner (Linear),0.21293342815875954,0.08454592754510419
treatment_confounding,0.9,confounding,0.3852847774818898,S-Learner (Linear),0.582431225829346,0.09332159513583706
treatment_confounding,0.9,confounding,0.3852847774818898,Naive ATE,0.888965251678141,0.6780427759284829
treatment_confounding,0.9,confounding,0.38077231100898734,T-Learner (Linear),0.19071724641812773,0.0833154857409908
treatment_confounding,0.9,confounding,0.38077231100898734,S-Learner (Linear),0.5442403576825244,0.06806821557585778
treatment_confounding,0.9,confounding,0.38077231100898734,Naive ATE,0.8705143454500485,0.6828110578158543
treatment_confounding,0.9,confounding,0.3466473608210971,T-Learner (Linear),0.23470983699262318,0.02301443847587973
treatment_confounding,0.9,confounding,0.3466473608210971,S-Learner (Linear),0.5526376300384847,0.0121273439355577
treatment_confounding,0.9,confounding,0.3466473608210971,Naive ATE,0.7387507447904894,0.49039921009814164
treatment_confounding,0.9,confounding,0.4027026121773004,T-Learner (Linear),0.26428417339723287,0.009061784418921394
treatment_confounding,0.9,confounding,0.4027026121773004,S-Learner (Linear),0.5631119937144944,0.0028431162590360835
treatment_confounding,0.9,confounding,0.4027026121773004,Naive ATE,0.8306418496379816,0.6106380664640526
treatment_confounding,0.9,confounding,0.3772715682305918,T-Learner (Linear),0.19768049077871738,0.06992647517346035
treatment_confounding,0.9,confounding,0.3772715682305918,S-Learner (Linear),0.5565471141422749,0.06750525182162098
treatment_confounding,0.9,confounding,0.3772715682305918,Naive ATE,0.8209048197958401,0.6072042423496785
treatment_confounding,0.9,confounding,0.392460065510992,T-Learner (Linear),0.22188961237993293,0.045816185009393134
treatment_confounding,0.9,confounding,0.392460065510992,S-Learner (Linear),0.539559070110221,0.020729832211867152
treatment_confounding,0.9,confounding,0.392460065510992,Naive ATE,0.818586854661018,0.6159465678361594
treatment_confounding,0.9,confounding,0.4000871476029573,T-Learner (Linear),0.15191096635463544,0.006364514980515763
treatment_confounding,0.9,confounding,0.4000871476029573,S-Learner (Linear),0.5463814121983323,0.0068413538458317056
treatment_confounding,0.9,confounding,0.4000871476029573,Naive ATE,0.8014131161949923,0.5863251140246066
